95838,3526 HIGH ST
95823,51 OMAHA CT
95815,2796 BRANCH ST
95815,2805 JANETTE WAY
95824,6001 MCMAHON DR
95841,5828 PEPPERMILL CT
95842,6048 OGDEN NASH WAY
95820,2561 19TH AVE
95670,11150 TRINITY RIVER DR Unit 114
95673,7325 10TH ST
95838,645 MORRISON AVE
95823,4085 FAWN CIR
95815,2930 LA ROSA RD
95822,2113 KIRK WAY
95842,4533 LOCH HAVEN WAY
95842,7340 HAMDEN PL
95673,6715 6TH ST
95621,6236 LONGFORD DR Unit 1
95833,250 PERALTA AVE
95673,113 LEEWILL AVE
95621,6118 STONEHAND AVE
95823,4882 BANDALIN WAY
95660,7511 OAKVALE CT
95834,9 PASTURE CT
95660,3729 BAINBRIDGE DR
95843,3828 BLACKFOOT WAY
95820,4108 NORTON WAY
95832,1469 JANRICK AVE
95827,9861 CULP WAY
95828,7825 CREEK VALLEY CIR
95758,5201 LAGUNA OAKS DR Unit 140
95660,6768 MEDORA DR
95827,3100 EXPLORER DR
95626,7944 DOMINION WAY
95758,5201 LAGUNA OAKS DR Unit 162
95823,3920 SHINING STAR DR
95660,5031 CORVAIR ST
95823,7661 NIXOS WAY
95828,7044 CARTHY WAY
95825,2442 LARKSPUR LN
95835,4800 WESTLAKE PKWY Unit 2109
95822,2178 63RD AVE
95624,8718 ELK WAY
95843,5708 RIDGEPOINT DR
95660,7315 KOALA CT
95833,2622 ERIN DR
95823,8421 SUNBLAZE WAY
95823,7420 ALIX PKWY
95838,3820 NATOMA WAY
95823,4431 GREEN TREE DR
95624,9417 SARA ST
95828,8299 HALBRITE WAY
95823,7223 KALLIE KAY LN
95828,8156 STEINBECK WAY
95823,7957 VALLEY GREEN DR
95632,1122 WILD POPPY CT
95842,4520 BOMARK WAY
95826,9012 KIEFER BLVD
95608,5332 SANDSTONE ST
95823,5993 SAWYER CIR
95843,4844 CLYDEBANK WAY
95632,306 CAMELLIA WAY
95662,9021 MADISON AVE
95632,404 6TH ST
95823,8317 SUNNY CREEK WAY
95826,2617 BASS CT
95758,7005 TIANT WAY
95843,7895 CABER WAY
95828,7624 BOGEY CT
95823,6930 HAMPTON COVE WAY
95624,8708 MESA BROOK WAY
95630,120 GRANT LN
95608,5907 ELLERSLEE DR
95834,17 SERASPI CT
95834,170 PENHOW CIR
95823,8345 STAR THISTLE WAY
95758,9080 FRESCA WAY
95835,391 NATALINO CIR
95624,8373 BLACKMAN WAY
95624,9837 CORTE DORADO CT
95823,5037 J PKWY
95670,10245 LOS PALOS DR
95621,6613 NAVION DR
95833,2887 AZEVEDO DR
95829,9186 KINBRACE CT
95655,4243 MIDDLEBURY WAY
95673,1028 FALLON PLACE CT
95757,4804 NORIKER DR
95828,7713 HARVEST WOODS DR
95833,2866 KARITSA AVE
95828,6913 RICHEVE WAY
95624,8636 TEGEA WAY
95621,5448 MAIDSTONE WAY
95758,18 OLLIE CT
95608,4010 ALEX LN
95757,4901 MILLNER WAY
95841,4818 BRITTNEY LEE CT
95758,5529 LAGUNA PARK DR
95835,230 CANDELA CIR
95820,4900 71ST ST
95742,12209 CONSERVANCY WAY
95834,4236 NATOMAS CENTRAL DR
95726,5615 LUPIN LN
95822,5625 JAMES WAY
95829,7842 LAHONTAN CT
95822,6850 21ST ST
95726,2900 BLAIR RD
95832,2064 EXPEDITION WAY
95826,2912 NORCADE CIR
95758,9507 SEA CLIFF WAY
95624,8882 AUTUMN GOLD CT
95757,5322 WHITE LOTUS WAY
95818,1838 CASTRO WAY
95827,10158 CRAWFORD WAY
95758,7731 MASTERS ST
95757,4925 PERCHERON DR
95670,2010 PROMONTORY POINT LN
95835,4727 SAVOIE WAY
95624,8664 MAGNOLIA HILL WAY
95827,9570 HARVEST ROSE WAY
95742,4359 CREGAN CT
95742,5337 DUSTY ROSE WAY
95826,8929 SUTTERS GOLD DR
95662,8025 PEERLESS AVE
95757,4620 WELERA WAY
95757,9723 TERRAPIN CT
95833,2115 SMOKESTACK WAY
95630,100 REBECCA WAY
95758,9488 OAK VILLAGE WAY
95823,8495 DARTFORD DR
95757,6708 PONTA DO SOL WAY
95823,4143 SEA MEADOW WAY
95762,3020 RICHARDSON CIR
95831,8082 LINDA ISLE LN
95683,15300 MURIETA SOUTH PKWY
95693,11215 SHARRMONT CT
95757,7105 DANBERG WAY
95835,5579 JERRY LITELL WAY
95831,1050 FOXHALL WAY
95843,7837 ABBINGTON WAY
95814,1300 F ST
95757,6801 RAWLEY WAY
95635,1693 SHELTER COVE DR
95624,9361 WADDELL LN
95831,10 SEA FOAM CT
95757,6945 RIO TEJO WAY
95742,4186 TULIP PARK WAY
95624,9278 DAIRY CT
95630,207 ORANGE BLOSSOM CIR Unit C
95757,6507 RIO DE ONAR WAY
95757,7004 RAWLEY WAY
95757,6503 RIO DE ONAR WAY
95630,2217 APPALOOSA CT
95630,868 HILDEBRAND CIR
95762,6030 PALERMO WAY
95762,4070 REDONDO DR
95864,4004 CRESTA WAY
95762,315 JUMEL CT
95621,6272 LONGFORD DR Unit 1
95817,3432 Y ST
95624,9512 EMERALD PARK DR Unit 3
95815,3132 CLAY ST
95824,5221 38TH AVE
95822,6112 HERMOSA ST
95815,483 ARCADE BLVD
95815,671 SONOMA AVE
95824,5980 79TH ST
95824,7607 ELDER CREEK RD
95820,5028 14TH AVE
95683,14788 NATCHEZ CT
95815,1069 ACACIA AVE
95758,5201 LAGUNA OAKS DR Unit 199
95864,3847 LAS PASAS WAY
95758,5201 LAGUNA OAKS DR Unit 172
95632,1121 CREEKSIDE WAY
95820,5307 CABRILLO WAY
95660,3725 DON JULIO BLVD
95842,4803 MCCLOUD DR
95670,10542 SILVERWOOD WAY
95824,6318 39TH AVE
95838,211 MCDANIEL CIR
95660,3800 LYNHURST WAY
95822,6139 HERMOSA ST
95626,2505 RHINE WAY
95660,3692 PAYNE WAY
95838,604 MORRISON AVE
95838,648 SANTA ANA AVE
95815,14 ASHLEY OAKS CT
95833,3174 NORTHVIEW DR
95632,840 TRANQUIL LN
95628,5333 PRIMROSE DR Unit 19A
95834,1035 MILLET WAY
95758,5201 LAGUNA OAKS DR Unit 126
95820,3328 22ND AVE
95828,8001 HARTWICK WAY
95828,7812 HARTWICK WAY
95660,4207 PAINTER WAY
95822,7458 WINKLEY WAY
95828,8354 SUNRISE WOODS WAY
95828,8116 COTTONMILL CIR
95823,4660 CEDARWOOD WAY
95758,9254 HARROGATE WAY
95621,6716 TAREYTON WAY
95825,2028 ROBERT WAY
95624,9346 AIZENBERG CIR
95842,4524 LOCH HAVEN WAY
95621,7140 BLUE SPRINGS WAY
95820,4631 11TH AVE
95843,3228 BAGGAN CT
95823,8515 DARTFORD DR
95842,4500 TIPPWOOD WAY
95670,2460 EL ROCCO WAY
95823,8244 SUNBIRD WAY
95823,5841 VALLEY VALE WAY
95843,7863 CRESTLEIGH CT
95758,7129 SPRINGMONT DR
95758,8284 RED FOX WAY
95670,2219 EL CANTO CIR
95758,8907 GEMWOOD WAY
95608,5925 MALEVILLE AVE
95621,7031 CANEVALLEY CIR
95826,3949 WILDROSE WAY
95843,4437 MITCHUM CT
95682,2778 KAWEAH CT
95648,1636 ALLENWOOD CIR
95828,8151 QUAIL RIDGE CT
95838,4899 WIND CREEK DR
95667,2370 BIG CANYON CREEK RD
95823,6049 HAMBURG WAY
95820,4232 71ST ST
95682,3361 BOW MAR CT
95667,1889 COLD SPRINGS RD
95621,5805 HIMALAYA WAY
95610,7944 SYLVAN OAK WAY
95833,3139 SPOONWOOD WAY Unit 1
95824,6217 LEOLA WAY
95825,2340 HURLEY WAY
95833,3035 BRUNNET LN
95825,3025 EL PRADO WAY
95624,9387 GRANITE FALLS CT
95826,9257 CALDERA WAY
95673,441 ARLINGDALE CIR
95722,2284 LOS ROBLES RD
95628,8164 CHENIN BLANC LN
95757,4620 CHAMBERLIN CIR
95835,5340 BIRK WAY
95835,51 ANJOU CIR
95822,2125 22ND AVE
95630,611 BLOSSOM ROCK LN
95624,8830 ADUR RD
95842,7344 BUTTERBALL WAY
95828,8219 GWINHURST CIR
95816,3240 S ST
95835,221 PICASSO CIR
95662,5706 GREENACRES WAY
95662,6900 LONICERA DR
95678,419 DAWNRIDGE RD
95843,5312 MARBURY WAY
95610,6344 BONHAM CIR
95829,8207 YORKTON WAY
95758,7922 MANSELL WAY
95843,5712 MELBURY CIR
95648,632 NEWBRIDGE LN
95822,1570 GLIDDEN AVE
95843,8108 FILIFERA WAY
95835,230 BANKSIDE WAY
95835,5342 CALABRIA WAY
95835,47 NAPONEE CT
95834,4236 ADRIATIC SEA WAY
95624,8864 REMBRANT CT
95758,9455 SEA CLIFF WAY
95624,9720 LITTLE HARBOR WAY
95628,8806 PHOENIX AVE
95834,3578 LOGGERHEAD WAY
95747,1416 LOCKHART WAY
95628,5413 BUENA VENTURA WAY
95678,37 WHITE BIRCH CT
95838,405 MARLIN SPIKE WAY
95648,1102 CHESLEY LN
95670,11281 STANFORD COURT LN Unit 604
95673,7320 6TH ST
95632,993 MANTON CT
95667,4487 PANORAMA DR
95835,5651 OVERLEAF WAY
95670,2015 PROMONTORY POINT LN
95747,3224 PARKHAM DR
95835,15 VANESSA PL
95648,1312 RENISON LN
95823,8 RIVER RAFT CT
95648,2251 LAMPLIGHT LN
95630,106 FARHAM DR
95757,5405 NECTAR CIR
95820,5411 10TH AVE
95670,3512 RAINSONG CIR
95819,1106 55TH ST
95630,411 ILLSLEY WAY
95632,796 BUTTERCUP CIR
95667,1230 SANDRA CIR
95678,318 ANACAPA DR
95823,3975 SHINING STAR DR
95811,1620 BASLER ST
95757,9688 NATURE TRAIL WAY
95677,5924 TANUS CIR
95757,9629 CEDAR OAK WAY
95682,3429 FERNBROOK CT
95765,2121 HANNAH WAY
95757,10104 ANNIE ST
95632,1092 MAUGHAM CT
95742,5404 ALMOND FALLS WAY
95683,6306 CONEJO
95834,14 CASA VATONI PL
95648,1456 EAGLESFIELD LN
95762,4100 BOTHWELL CIR
95811,427 21ST ST
95630,1044 GALSTON DR
95841,4440 SYCAMORE AVE
95762,1032 SOUZA DR
95624,9760 LAZULITE CT
95835,241 LANFRANCO CIR
95835,5559 NORTHBOROUGH DR
95765,2125 BIG SKY DR
95608,2109 HAMLET PL
95667,9970 STATE HIGHWAY 193
95757,2901 PINTAIL WAY
95678,201 FIRESTONE DR
95603,1740 HIGH ST
95762,2733 DANA LOOP
95693,9741 SADDLEBRED CT
95829,7756 TIGERWOODS DR
95608,5709 RIVER OAK WAY
95661,2981 WRINGER DR
95747,8616 ROCKPORTE CT
95628,4128 HILL ST
95819,1409 47TH ST
95650,3935 EL MONTE DR
95842,5840 WALERGA RD
95825,923 FULTON AVE
95815,261 REDONDO AVE
95817,4030 BROADWAY
95820,3660 22ND AVE
95838,3924 HIGH ST
95820,4734 14TH AVE
95820,4734 14TH AVE
95841,5050 RHODE ISLAND DR Unit 4
95842,4513 GREENHOLME DR
95838,3845 ELM ST
95820,3908 17TH AVE
95828,7109 CHANDLER DR
95822,7541 SKELTON WAY
95826,9058 MONTOYA ST
95838,1016 CONGRESS AVE
95838,540 MORRISON AVE
95842,5303 JERRETT WAY
95815,2820 DEL PASO BLVD
95826,3715 TALLYHO DR Unit 78HIGH
95621,6013 ROWAN WAY
95815,2987 PONDEROSA LN
95660,3732 LANKERSHIM WAY
95821,2216 DUNLAP DR
95820,3503 21ST AVE
95838,523 EXCHANGE ST
95823,8101 PORT ROYALE WAY
95843,8020 WALERGA RD
95678,167 VALLEY OAK DR
95832,7876 BURLINGTON WAY
95660,3726 JONKO AVE
95828,7342 GIGI PL
95820,2610 PHYLLIS AVE
95834,4200 COMMERCE WAY Unit 711
95823,4621 COUNTRY SCENE WAY
95823,5380 VILLAGE WOOD DR
95815,2621 EVERGREEN ST
95632,201 CARLO CT
95822,6743 21ST ST
95825,3128 VIA GRANDE
95833,2847 BELGRADE WAY
95626,7741 MILLDALE CIR
95826,9013 CASALS ST
95678,227 MAHAN CT Unit 1
95828,7349 FLETCHER FARM DR
95660,7226 LARCHMONT DR
95824,4114 35TH AVE
95673,617 M ST
95608,7032 FAIR OAKS BLVD
95626,2421 SANTINA WAY
95832,2368 CRAIG AVE
95822,2123 AMANDA WAY
95828,7620 DARLA WAY
95828,8344 FIELDPOPPY CIR
95820,3624 20TH AVE
95747,10001 WOODCREEK OAKS BLVD Unit 1415
95822,2848 PROVO WAY
95823,6045 EHRHARDT AVE
95838,1223 LAMBERTON CIR
95838,1223 LAMBERTON CIR
95621,6000 BIRCHGLADE WAY
95660,7204 THOMAS DR
95823,8363 LANGTREE WAY
95678,1675 VERNON ST Unit 8
95621,6632 IBEX WOODS CT
95673,117 EVCAR WAY
95758,6485 LAGUNA MIRAGE LN
95632,746 MOOSE CREEK WAY
95621,8306 CURLEW CT
95621,8306 CURLEW CT
95820,5217 ARGO WAY
95842,7108 HEATHER TREE DR
95833,2956 DAVENPORT WAY
95827,10062 LINCOLN VILLAGE DR
95632,332 PALIN AVE
95841,4649 FREEWAY CIR
95823,8593 DERLIN WAY
95826,9273 PREMIER WAY
95828,8032 DUSENBERG CT
95608,7110 STELLA LN Unit 15
95661,1786 PIEDMONT WAY
95747,1347 HIDALGO CIR
95838,212 CAPPUCINO WAY
95621,5938 WOODBRIAR WAY
95826,3801 WILDROSE WAY
95838,508 SAMUEL WAY
95842,6128 CARL SANDBURG CIR
95823,1 KENNELFORD CIR
95864,909 SINGINGWOOD RD
95841,6671 FOXWOOD CT
95828,8165 AYN RAND CT
95758,9474 VILLAGE TREE DR
95621,7213 CALVIN DR
95828,8167 DERBY PARK CT
95758,6344 LAGUNA MIRAGE LN
95833,2945 RED HAWK WAY
95816,3228 I ST
95678,308 ATKINSON ST
95678,624 HOVEY WAY
95838,110 COPPER LEAF WAY
95831,7535 ALMA VISTA WAY
95758,7423 WILSALL CT
95624,8629 VIA ALTA WAY
95843,3318 DAVIDSON DR
95632,913 COBDEN CT
95820,4419 79TH ST
95833,3012 SPOONWOOD WAY
95828,8728 CRYSTAL RIVER WAY
95841,4709 AMBER LN Unit 1
95843,4508 OLD DAIRY DR
95831,312 RIVER ISLE WAY
95834,301 OLIVADI WAY
95822,5636 25TH ST
95843,8721 SPRUCE RIDGE WAY
95831,7461 WINDBRIDGE DR
95828,8101 LEMON COVE CT
95670,10949 SCOTSMAN WAY
95630,617 WILLOW CREEK DR
95835,3301 PARK DR Unit 1914
95632,709 CIMMARON CT
95843,3305 RIO ROCA CT
95829,9080 BEDROCK CT
95834,100 TOURMALINE CIR
95758,6411 RED BIRCH WAY
95823,4867 LAGUNA DR
95833,3662 RIVER DR
95828,6943 WOLFGRAM WAY
95673,77 RINETTI WAY
95673,1316 I ST
95835,2130 CATHERWOOD WAY
95662,8304 JUGLANS DR
95843,5308 MARBURY WAY
95624,9182 LAKEMONT DR
95603,2231 COUNTRY VILLA CT
95758,8491 CRYSTAL WALK CIR
95835,361 MAHONIA CIR
95835,3427 LA CADENA WAY
95762,955 BIG SUR CT
95742,11826 DIONYSUS WAY
95608,5847 DEL CAMPO LN
95757,5635 FOXVIEW WAY
95757,10372 VIA CINTA CT
95765,6286 LONETREE BLVD
95828,7744 SOUTHBREEZE DR
95835,2242 ABLE WAY
95632,1042 STARBROOK DR
95814,1219 G ST
95621,6220 OPUS CT
95677,5419 HAVENHURST CIR
95603,220 OLD AIRPORT RD
95608,4622 MEYER WAY
95623,4885 SUMMIT VIEW DR
95832,26 JEANROSS CT
95758,4800 MAPLEPLAIN AVE
95670,10629 BASIE WAY
95828,8612 WILLOW GROVE WAY
95823,62 DE FER CIR
95648,2513 OLD KENMARE RD
95670,3253 ABOTO WAY
95747,3072 VILLAGE PLAZA DR
95835,251 CHANGO CIR
95828,8205 WEYBURN CT
95828,8788 LA MARGARITA WAY
95758,5912 DEEPDALE WAY
95843,4712 PISMO BEACH DR
95843,4741 PACIFIC PARK DR
95834,310 GROTH CIR
95757,6121 WILD FOX CT
95742,12241 CANYONLANDS DR
95833,29 COOL FOUNTAIN CT
95838,907 RIO ROBLES AVE
95828,8909 BILLFISH WAY
95757,6232 GUS WAY
95632,200 OAKWILDE ST
95632,1033 PARK STREAM DR
95835,200 ALLAIRE CIR
95816,1322 SUTTER WALK
95835,5479 NICKMAN WAY
95835,2103 BURBERRY WAY
95817,2450 SAN JOSE WAY
95678,7641 ROSEHALL DR
95747,1336 LAYSAN TEAL DR
95765,2802 BLACK OAK DR
95667,2113 FALL TRAIL CT
95757,10112 LAMBEAU CT
95757,6313 CASTRO VERDE WAY
95818,3622 CURTIS DR
95742,11817 OPAL RIDGE WAY
95819,170 LAGOMARSINO WAY
95762,2743 DEAKIN PL
95843,3361 ALDER CANYON WAY
95765,2148 RANCH VIEW DR
95815,398 LINDLEY DR
95762,3013 BRIDLEWOOD DR
95630,169 BAURER CIR
95682,2809 LOON CT
95814,1315 KONDOS AVE
95765,4966 CHARTER RD
95758,9516 LAGUNA LAKE WAY
95757,5201 BLOSSOM RANCH DR
95834,3027 PALMATE WAY
95661,500 WINCHESTER CT
95762,5746 GELSTON WAY
95662,6935 ELM TREE LN
95758,9605 GOLF COURSE LN
95762,719 BAYWOOD CT
95677,5954 TANUS CIR
95630,100 CHELSEA CT
95663,1500 ORANGE HILL LN
95648,408 KIRKWOOD CT
95747,1732 TUSCAN GROVE CIR
95670,2049 EMPIRE MINE CIR
95693,9360 MAGOS RD
95630,104 CATLIN CT
95608,4734 GIBBONS DR
95746,4629 DORCHESTER LN
95667,2400 COUNTRYSIDE DR
95693,12901 FURLONG DR
95746,6222 CALLE MONTALVO CIR
95648,20 CRYSTALWOOD CIR
95648,24 CRYSTALWOOD CIR
95648,28 CRYSTALWOOD CIR
95648,32 CRYSTALWOOD CIR
95648,36 CRYSTALWOOD CIR
95648,40 CRYSTALWOOD CIR
95648,44 CRYSTALWOOD CIR
95648,48 CRYSTALWOOD CIR
95648,52 CRYSTALWOOD CIR
95648,68 CRYSTALWOOD CIR
95648,72 CRYSTALWOOD CIR
95648,76 CRYSTALWOOD CIR
95648,80 CRYSTALWOOD CIR
95648,84 CRYSTALWOOD CIR
95648,88 CRYSTALWOOD CIR
95648,92 CRYSTALWOOD CIR
95648,96 CRYSTALWOOD CIR
95648,100 CRYSTALWOOD CIR
95648,434 1ST ST
95648,3 E ST
95648,11 E ST
95648,19 E ST
95648,27 E ST
95648,35 E ST
95648,43 E ST
95648,51 E ST
95648,59 E ST
95648,75 E ST
95648,63 CRYSTALWOOD CIR
95648,398 1ST ST
95648,386 1ST ST
95648,374 1ST ST
95648,116 CRYSTALWOOD WAY
95648,108 CRYSTALWOOD WAY
95648,100 CRYSTALWOOD WAY
95648,55 CRYSTALWOOD CIR
95648,51 CRYSTALWOOD CIR
95648,47 CRYSTALWOOD CIR
95648,43 CRYSTALWOOD CIR
95648,39 CRYSTALWOOD CIR
95648,35 CRYSTALWOOD CIR
95648,31 CRYSTALWOOD CIR
95648,27 CRYSTALWOOD CIR
95648,23 CRYSTALWOOD CIR
95648,19 CRYSTALWOOD CIR
95648,15 CRYSTALWOOD CIR
95648,7 CRYSTALWOOD CIR
95648,7 CRYSTALWOOD CIR
95648,3 CRYSTALWOOD CIR
95621,8208 WOODYARD WAY
95673,113 RINETTI WAY
95823,15 LOORZ CT
95660,5805 DOTMAR WAY
95815,2332 CAMBRIDGE ST
95838,3812 BELDEN ST
95817,3348 40TH ST
95822,127 QUASAR CIR
95838,3812 CYPRESS ST
95824,5821 64TH ST
95823,8248 CENTER PKWY
95815,1171 SONOMA AVE
95823,4250 ARDWELL WAY
95815,3104 CLAY ST
95822,6063 LAND PARK DR
95842,4738 OAKHOLLOW DR
95822,1401 STERLING ST
95838,3715 DIDCOT CIR
95670,2426 RASHAWN DR
95835,4800 WESTLAKE PKWY Unit 410
95827,3409 VIRGO ST
95838,1110 PINEDALE AVE
95670,2361 LA LOMA DR
95822,1455 64TH AVE
95822,7328 SPRINGMAN ST
95823,119 SAINT MARIE CIR
95838,12 COSTA BRASE CT
95842,6813 SCOTER WAY
95660,6548 GRAYLOCK LN
95822,1630 GLIDDEN AVE
95828,7825 DALEWOODS WAY
95660,4073 TRESLER AVE
95838,4288 DYMIC WAY
95833,1158 SAN IGNACIO WAY
95823,4904 J PKWY
95821,2931 HOWE AVE
95824,5531 JANSEN DR
95828,7836 ORCHARD WOODS CIR
95823,4055 DEERBROOK DR
95827,9937 BURLINE ST
95828,6948 MIRADOR WAY
95842,4909 RUGER CT
95621,7204 KERSTEN ST
95826,3150 ROSEMONT DR
95828,8200 STEINBECK WAY
95828,8198 STEVENSON AVE
95610,6824 OLIVE TREE WAY
95843,3536 SUN MAIDEN WAY
95826,4517 OLYMPIAD WAY
95632,925 COBDEN CT
95828,8225 SCOTTSDALE DR
95828,8758 LEMAS RD
95758,6121 ALPINESPRING WAY
95842,5937 YORK GLEN WAY
95823,6417 SUNNYFIELD WAY
95843,4008 GREY LIVERY WAY
95826,8920 ROSETTA CIR
95621,8300 LICHEN DR
95828,8884 AMBERJACK WAY
95823,4480 VALLEY HI DR
95726,2250 FOREBAY RD
95826,3529 FABERGE WAY
95835,1792 DAWNELLE WAY
95621,7800 TABARE CT
95823,8531 HERMITAGE WAY
95670,2421 BERRYWOOD DR
95838,1005 MORENO WAY
95678,1675 VERNON ST Unit 24
95823,24 WINDCHIME CT
95673,540 HARLING CT
95678,1207 CRESCENDO DR
95822,7577 EDDYLEE WAY
95829,8369 FOPPIANO WAY
95826,8817 SAWTELLE WAY
95832,1910 BONAVISTA WAY
95833,8 TIDE CT
95758,8952 ROCKY CREEK CT
95838,435 EXCHANGE ST
95827,10105 MONTE VALLO CT
95661,3930 ANNABELLE AVE
95823,4854 TANGERINE AVE
95670,2909 SHAWN WAY
95823,4290 BLACKFORD WAY
95631,5890 TT TRAK
95842,7015 WOODSIDE DR
95610,6019 CHESHIRE WAY
95682,3330 VILLAGE CT
95821,2561 VERNA WAY
95820,3522 22ND AVE
95833,2880 CANDIDO DR
95628,6908 PIN OAK CT
95608,5733 ANGELINA AVE
95758,7849 BONNY DOWNS WAY
95843,8716 LONGSPUR WAY
95623,6320 EL DORADO ST
95838,2328 DOROTHY JUNE WAY
95832,1986 DANVERS WAY
95843,7901 GAZELLE TRAIL WAY
95835,6080 BRIDGECROSS DR
95834,20 GROTH CIR
95835,1900 DANBROOK DR
95678,140 VENTO CT
95758,8442 KEUSMAN ST
95758,9552 SUNLIGHT LN
95682,2733 YUMA CT
95661,1407 TIFFANY CIR
95619,636 CRESTVIEW DR
95825,1528 HESKET WAY
95817,2327 32ND ST
95818,1833 2ND AVE
95621,7252 CARRIAGE DR
95757,9815 PASO FINO WAY
95608,5532 ENGLE RD
95825,1139 CLINTON RD
95758,9176 SAGE GLEN WAY
95757,9967 HATHERTON WAY
95624,9264 BOULDER RIVER WAY
95834,320 GROTH CIR
95838,137 GUNNISON AVE
95829,8209 RIVALLO WAY
95624,8637 PERIWINKLE CIR
95677,3425 MEADOW WAY
95834,107 JARVIS CIR
95670,2319 THORES ST
95624,8935 MOUNTAIN HOME CT
95835,2566 SERENATA WAY
95843,4085 COUNTRY DR
95624,9297 TROUT WAY
95823,7 ARCHIBALD CT
95670,11130 EEL RIVER CT
95829,8323 REDBANK WAY
95835,16 BRONCO CREEK CT
95843,8316 NORTHAM DR
95843,4240 WINJE DR
95834,3569 SODA WAY
95608,5118 ROBANDER ST
95621,5976 KYLENCH CT
95758,9247 DELAIR WAY
95758,9054 DESCENDANT DR
95821,3450 WHITNOR CT
95765,6288 LONETREE BLVD
95826,9355 MATADOR WAY
95624,8671 SUMMER SUN WAY
95825,1890 GENEVA PL
95747,1813 AVENIDA MARTINA
95835,191 BARNHART CIR
95662,6221 GREEN TOP WAY
95648,2298 PRIMROSE LN
95835,5635 LOS PUEBLOS WAY
95757,10165 LOFTON WAY
95648,1251 GREEN RAVINE DR
95667,6001 SHOO FLY RD
95747,3040 PARKHAM DR
95762,2674 TAM O SHANTER DR
95682,6007 MARYBELLE LN
95757,9949 NESTLING CIR
95835,2915 HOLDREGE WAY
95648,2678 BRIARTON DR
95632,294 SPARROW DR
95835,2987 DIORITE WAY
95608,6326 APPIAN WAY
95621,6905 COBALT WAY
95757,8986 HAFLINGER WAY
95758,2916 BABSON DR
95624,10133 NEBBIOLO CT
95825,1103 COMMONS DR
95843,4636 TEAL BAY CT
95838,1524 YOUNGS AVE
95667,865 CONRAD CT
95624,8463 TERRACOTTA CT
95650,5747 KING RD
95624,8253 KEEGAN WAY
95624,9204 TROUT WAY
95818,1828 2ND AVE
95825,1113 COMMONS DR
95614,2341 BIG STRIKE TRL
95624,9452 RED SPRUCE WAY
95765,5776 TERRACE DR
95757,5908 MCLEAN DR
95610,8215 PEREGRINE WAY
95648,1104 HILLSDALE LN
95608,2949 PANAMA AVE
95630,1356 HARTLEY WAY
95678,633 HANISCH DR
95831,63 ANGEL ISLAND CIR
95648,1571 WILD OAK LN
95742,5222 COPPER SUNSET WAY
95662,5601 SPINDRIFT LN
95678,652 FIFTEEN MILE DR
95843,7921 DOE TRAIL WAY
95864,4204 LUSK DR
95765,5321 DELTA DR
95822,5608 ROSEDALE WAY
95834,3372 BERETANIA WAY
95765,2422 STEFANIE DR
95747,3232 PARKHAM DR
95678,448 ELMWOOD CT
95632,1214 DAWNWOOD DR
95648,1440 EMERALD LN
95670,3349 CORVINA DR
95827,10254 JULIANA WAY
95834,149 OPUS CIR
95835,580 REGENCY PARK CIR
95662,5544 CAMAS CT
95835,5102 ARCHCREST WAY
95765,5725 BALFOR RD
95678,7697 ROSEHALL DR
95757,4821 HUTSON WAY
95843,4509 WINJE DR
95648,1965 LAURELHURST LN
95678,6709 ROSE BRIDGE DR
95678,281 SPYGLASS HL
95831,7709 RIVER VILLAGE DR
95762,4165 BRISBANE CIR
95661,506 BEDFORD CT
95747,9048 PINTO CANYON WAY
95747,2274 IVY BRIDGE DR
95690,14004 WALNUT AVE
95758,6905 FRANKFORT CT
95608,3621 WINTUN DR
95648,201 KIRKLAND CT
95742,12075 APPLESBURY CT
95661,1975 SIDESADDLE WAY
95742,5420 ALMOND FALLS WAY
95757,9677 PILLITERI CT
95648,1515 EL CAMINO VERDE DR
95762,556 PLATT CIR
95747,1792 DIAMOND WOODS CIR
95818,1124 PERKINS WAY
95608,4748 SALEM WAY
95603,1484 RADCLIFFE WAY
95819,51 AIKEN WAY
95682,2818 KNOLLWOOD DR
95648,1536 STONEY CROSS LN
95747,509 CASTILLIAN CT
95630,700 HUNTER PL
95831,1240 FAY CIR
95630,1113 SANDWICK WAY
95821,3108 DELWOOD WAY
95661,3212 CORNICHE LN
95762,2159 BECKETT DR
95667,4320 FOUR SEASONS RD
95633,6401 MARSHALL RD
95762,2089 BECKETT DR
95762,6196 EDGEHILL DR
95747,200 HILLSFORD CT
95628,8217 PLUMERIA AVE
95762,4841 VILLAGE GREEN DR
95864,3863 LAS PASAS WAY
95603,820 DANA CT
95816,1165 37TH ST
95630,203 CASCADE FALLS DR
95829,9880 IZILDA CT
95747,1800 AVONDALE DR
95677,4620 BROMWICH CT
95746,620 KESWICK CT
95677,4478 GREENBRAE RD
95747,8432 BRIGGS DR
95762,200 CRADLE MOUNTAIN CT
95762,2065 IMPRESSIONIST WAY
95762,2982 ABERDEEN LN
95693,9401 BARREL RACER CT
95648,3720 VISTA DE MADERA
95683,14151 INDIO DR
95828,7401 TOULON LN
95826,9127 NEWHALL DR Unit 34
95823,5937 BAMFORD DR
95842,5672 HILLSDALE BLVD
95820,3920 39TH ST
95838,701 JESSIE AVE
95815,83 ARCADE BLVD
95838,601 REGGINALD WAY
95833,550 DEL VERDE CIR
95824,4113 DAYSTAR CT
95822,7374 TISDALE WAY
95838,3348 RIO LINDA BLVD
95823,3935 LIMESTONE WAY
95660,6208 GRATTAN WAY
95825,739 E WOODSIDE LN Unit E
95824,4225 46TH AVE
95838,1434 BELL AVE
95660,5628 GEORGIA DR
95832,7629 BETH ST
95832,2277 BABETTE WAY
95823,6561 WEATHERFORD WAY
95682,3035 ESTEPA DR Unit 5C
95820,5136 CABOT CIR
95828,7730 ROBINETTE RD
95820,87 LACAM CIR
95838,1691 NOGALES ST
95817,3118 42ND ST
95828,7517 50TH AVE
95823,4071 EVALITA WAY
95824,7928 36TH AVE
95822,6631 DEMARET DR
95673,7043 9TH AVE
95823,97 KENNELFORD CIR
95670,2636 TRONERO WAY
95648,1530 TOPANGA LN Unit 204
95843,3604 KODIAK WAY
95825,2149 COTTAGE WAY
95828,8632 PRAIRIEWOODS DR
95691,612 STONE BLVD
95817,4180 12TH AVE
95823,8025 ARROYO VISTA DR
95842,5754 WALERGA RD Unit 4
95823,8 LA ROCAS CT
95843,8636 LONGSPUR WAY
95832,1941 EXPEDITION WAY
95823,4351 TURNBRIDGE DR
95660,6513 HOLIDAY WAY
95621,8321 MISTLETOE WAY
95823,5920 VALLEY GLEN WAY
95818,2601 SAN FERNANDO WAY
95691,501 POPLAR AVE
95829,8008 SAINT HELENA CT
95621,6517 DONEGAL DR
95834,1001 RIO NORTE WAY
95648,604 P ST
95747,10001 WOODCREEK OAKS BLVD Unit 815
95828,7351 GIGI PL
95832,7740 DIXIE LOU ST
95828,7342 DAVE ST
95831,7687 HOWERTON DR
95833,26 KAMSON CT
95823,7045 PEEVEY CT
95758,8916 GABLES MILL PL
95833,1140 EDMONTON DR
95624,8879 APPLE PEAR CT
95823,9 WIND CT
95628,8570 SHERATON DR
95648,1550 TOPANGA LN Unit 207
95834,1080 RIO NORTE WAY
95820,5501 VALLETTA WAY
95628,5624 MEMORY LN
95621,6622 WILLOWLEAF DR
95838,27 MEGAN CT
95662,6601 WOODMORE OAKS DR
95832,1973 DANVERS WAY
95823,8001 ARROYO VISTA DR
95621,7409 VOYAGER WAY
95838,815 CROSSWIND DR
95758,5509 LAGUNA CREST WAY
95624,8424 MERRY HILL WAY
95691,1525 PENNSYLVANIA AVE
95835,5954 BRIDGECROSS DR
95624,8789 SEQUOIA WOOD CT
95842,6600 SILVERTHORNE CIR
95818,2221 2ND AVE
95608,3230 SMATHERS WAY
95758,5209 LAGUNA CREST WAY
95815,416 LEITCH AVE
95747,2100 BEATTY WAY
95660,6920 GILLINGHAM WAY
95632,82 WILDFLOWER DR
95624,8652 BANTON CIR
95843,8428 MISTY PASS WAY
95828,7958 ROSEVIEW WAY
95624,9020 LUKEN CT
95828,7809 VALLECITOS WAY
95610,8445 OLD AUBURN RD
95757,10085 ATKINS DR
95758,9185 CERROLINDA CIR
95678,9197 CORTINA CIR
95608,5429 HESPER WAY
95632,1178 WARMWOOD CT
95842,4900 ELUDE CT
95834,3557 SODA WAY
95821,3528 SAINT GEORGE DR
95660,7381 WASHBURN WAY
95682,2181 WINTERHAVEN CIR
95662,7540 HICKORY AVE
95757,5024 CHAMBERLIN CIR
95648,2400 INVERNESS DR
95823,5 BISHOPGATE CT
95823,5601 REXLEIGH DR
95758,1909 YARNELL WAY
95829,9169 GARLINGTON CT
95823,6932 RUSKUT WAY
95610,7933 DAFFODIL WAY
95758,8304 RED FOX WAY
95762,3882 YELLOWSTONE LN
